train,Bharatnatyam,Bharatnatyam341,61
train,Bharatnatyam,Bharatnatyam310,64
train,Bharatnatyam,Bharatnatyam283,70
train,Bharatnatyam,Bharatnatyam255,72
train,Bharatnatyam,Bharatnatyam130,77
train,Bharatnatyam,Bharatnatyam329,79
train,Bharatnatyam,Bharatnatyam49,95
train,Bharatnatyam,Bharatnatyam220,100
train,Bharatnatyam,Bharatnatyam66,101
train,Bharatnatyam,Bharatnatyam320,103
train,Bharatnatyam,Bharatnatyam275,112
train,Bharatnatyam,Bharatnatyam269,119
train,Bharatnatyam,Bharatnatyam248,122
train,Bharatnatyam,Bharatnatyam365,122
train,Bharatnatyam,Bharatnatyam374,122
train,Bharatnatyam,Bharatnatyam236,124
train,Bharatnatyam,Bharatnatyam124,134
train,Bharatnatyam,Bharatnatyam101,149
train,Bharatnatyam,Bharatnatyam110,149
train,Bharatnatyam,Bharatnatyam119,149
train,Bharatnatyam,Bharatnatyam128,149
train,Bharatnatyam,Bharatnatyam137,149
train,Bharatnatyam,Bharatnatyam146,149
train,Bharatnatyam,Bharatnatyam155,149
train,Bharatnatyam,Bharatnatyam164,149
train,Bharatnatyam,Bharatnatyam173,149
train,Bharatnatyam,Bharatnatyam182,149
train,Bharatnatyam,Bharatnatyam191,149
train,Bharatnatyam,Bharatnatyam20,149
train,Bharatnatyam,Bharatnatyam200,149
train,Bharatnatyam,Bharatnatyam209,149
train,Bharatnatyam,Bharatnatyam218,149
train,Bharatnatyam,Bharatnatyam227,149
train,Bharatnatyam,Bharatnatyam245,149
train,Bharatnatyam,Bharatnatyam254,149
train,Bharatnatyam,Bharatnatyam263,149
train,Bharatnatyam,Bharatnatyam272,149
train,Bharatnatyam,Bharatnatyam281,149
train,Bharatnatyam,Bharatnatyam29,149
train,Bharatnatyam,Bharatnatyam290,149
train,Bharatnatyam,Bharatnatyam299,149
train,Bharatnatyam,Bharatnatyam308,149
train,Bharatnatyam,Bharatnatyam317,149
train,Bharatnatyam,Bharatnatyam326,149
train,Bharatnatyam,Bharatnatyam335,149
train,Bharatnatyam,Bharatnatyam344,149
train,Bharatnatyam,Bharatnatyam353,149
train,Bharatnatyam,Bharatnatyam362,149
train,Bharatnatyam,Bharatnatyam371,149
train,Bharatnatyam,Bharatnatyam38,149
train,Bharatnatyam,Bharatnatyam380,149
train,Bharatnatyam,Bharatnatyam47,149
train,Bharatnatyam,Bharatnatyam56,149
train,Bharatnatyam,Bharatnatyam65,149
train,Bharatnatyam,Bharatnatyam74,149
train,Bharatnatyam,Bharatnatyam83,149
train,Bharatnatyam,Bharatnatyam92,149
train,Bharatnatyam,Bharatnatyam102,150
train,Bharatnatyam,Bharatnatyam111,150
train,Bharatnatyam,Bharatnatyam120,150
train,Bharatnatyam,Bharatnatyam121,150
train,Bharatnatyam,Bharatnatyam122,150
train,Bharatnatyam,Bharatnatyam123,150
train,Bharatnatyam,Bharatnatyam129,150
train,Bharatnatyam,Bharatnatyam138,150
train,Bharatnatyam,Bharatnatyam139,150
train,Bharatnatyam,Bharatnatyam140,150
train,Bharatnatyam,Bharatnatyam141,150
train,Bharatnatyam,Bharatnatyam147,150
train,Bharatnatyam,Bharatnatyam148,150
train,Bharatnatyam,Bharatnatyam149,150
train,Bharatnatyam,Bharatnatyam150,150
train,Bharatnatyam,Bharatnatyam156,150
train,Bharatnatyam,Bharatnatyam157,150
train,Bharatnatyam,Bharatnatyam158,150
train,Bharatnatyam,Bharatnatyam159,150
train,Bharatnatyam,Bharatnatyam160,150
train,Bharatnatyam,Bharatnatyam161,150
train,Bharatnatyam,Bharatnatyam162,150
train,Bharatnatyam,Bharatnatyam163,150
train,Bharatnatyam,Bharatnatyam165,150
train,Bharatnatyam,Bharatnatyam166,150
train,Bharatnatyam,Bharatnatyam167,150
train,Bharatnatyam,Bharatnatyam168,150
train,Bharatnatyam,Bharatnatyam169,150
train,Bharatnatyam,Bharatnatyam170,150
train,Bharatnatyam,Bharatnatyam171,150
train,Bharatnatyam,Bharatnatyam172,150
train,Bharatnatyam,Bharatnatyam174,150
train,Bharatnatyam,Bharatnatyam175,150
train,Bharatnatyam,Bharatnatyam176,150
train,Bharatnatyam,Bharatnatyam177,150
train,Bharatnatyam,Bharatnatyam178,150
train,Bharatnatyam,Bharatnatyam179,150
train,Bharatnatyam,Bharatnatyam180,150
train,Bharatnatyam,Bharatnatyam181,150
train,Bharatnatyam,Bharatnatyam183,150
train,Bharatnatyam,Bharatnatyam184,150
train,Bharatnatyam,Bharatnatyam185,150
train,Bharatnatyam,Bharatnatyam186,150
train,Bharatnatyam,Bharatnatyam187,150
train,Bharatnatyam,Bharatnatyam188,150
train,Bharatnatyam,Bharatnatyam189,150
train,Bharatnatyam,Bharatnatyam190,150
train,Bharatnatyam,Bharatnatyam192,150
train,Bharatnatyam,Bharatnatyam193,150
train,Bharatnatyam,Bharatnatyam194,150
train,Bharatnatyam,Bharatnatyam195,150
train,Bharatnatyam,Bharatnatyam201,150
train,Bharatnatyam,Bharatnatyam202,150
train,Bharatnatyam,Bharatnatyam203,150
train,Bharatnatyam,Bharatnatyam204,150
train,Bharatnatyam,Bharatnatyam21,150
train,Bharatnatyam,Bharatnatyam210,150
train,Bharatnatyam,Bharatnatyam211,150
train,Bharatnatyam,Bharatnatyam212,150
train,Bharatnatyam,Bharatnatyam213,150
train,Bharatnatyam,Bharatnatyam214,150
train,Bharatnatyam,Bharatnatyam215,150
train,Bharatnatyam,Bharatnatyam219,150
train,Bharatnatyam,Bharatnatyam246,150
train,Bharatnatyam,Bharatnatyam247,150
train,Bharatnatyam,Bharatnatyam264,150
train,Bharatnatyam,Bharatnatyam265,150
train,Bharatnatyam,Bharatnatyam266,150
train,Bharatnatyam,Bharatnatyam267,150
train,Bharatnatyam,Bharatnatyam268,150
train,Bharatnatyam,Bharatnatyam273,150
train,Bharatnatyam,Bharatnatyam274,150
train,Bharatnatyam,Bharatnatyam282,150
train,Bharatnatyam,Bharatnatyam291,150
train,Bharatnatyam,Bharatnatyam292,150
train,Bharatnatyam,Bharatnatyam30,150
train,Bharatnatyam,Bharatnatyam300,150
train,Bharatnatyam,Bharatnatyam301,150
train,Bharatnatyam,Bharatnatyam302,150
train,Bharatnatyam,Bharatnatyam309,150
train,Bharatnatyam,Bharatnatyam318,150
train,Bharatnatyam,Bharatnatyam319,150
train,Bharatnatyam,Bharatnatyam327,150
train,Bharatnatyam,Bharatnatyam328,150
train,Bharatnatyam,Bharatnatyam336,150
train,Bharatnatyam,Bharatnatyam337,150
train,Bharatnatyam,Bharatnatyam338,150
train,Bharatnatyam,Bharatnatyam339,150
train,Bharatnatyam,Bharatnatyam340,150
train,Bharatnatyam,Bharatnatyam345,150
train,Bharatnatyam,Bharatnatyam346,150
train,Bharatnatyam,Bharatnatyam347,150
train,Bharatnatyam,Bharatnatyam354,150
train,Bharatnatyam,Bharatnatyam355,150
train,Bharatnatyam,Bharatnatyam356,150
train,Bharatnatyam,Bharatnatyam357,150
train,Bharatnatyam,Bharatnatyam358,150
train,Bharatnatyam,Bharatnatyam363,150
train,Bharatnatyam,Bharatnatyam364,150
train,Bharatnatyam,Bharatnatyam372,150
train,Bharatnatyam,Bharatnatyam373,150
train,Bharatnatyam,Bharatnatyam381,150
train,Bharatnatyam,Bharatnatyam382,150
train,Bharatnatyam,Bharatnatyam39,150
train,Bharatnatyam,Bharatnatyam40,150
train,Bharatnatyam,Bharatnatyam48,150
train,Bharatnatyam,Bharatnatyam57,150
train,Bharatnatyam,Bharatnatyam75,150
train,Bharatnatyam,Bharatnatyam84,150
train,Bharatnatyam,Bharatnatyam85,150
train,Bharatnatyam,Bharatnatyam93,150
train,Bharatnatyam,Bharatnatyam94,150
train,Bharatnatyam,Bharatnatyam95,150
train,Bharatnatyam,Bharatnatyam96,150
train,Kathak,Kathak152,64
train,Kathak,Kathak327,67
train,Kathak,Kathak169,71
train,Kathak,Kathak204,73
train,Kathak,Kathak143,76
train,Kathak,Kathak79,78
train,Kathak,Kathak99,80
train,Kathak,Kathak295,83
train,Kathak,Kathak285,94
train,Kathak,Kathak117,96
train,Kathak,Kathak259,96
train,Kathak,Kathak43,98
train,Kathak,Kathak133,100
train,Kathak,Kathak197,108
train,Kathak,Kathak162,115
train,Kathak,Kathak71,117
train,Kathak,Kathak61,119
train,Kathak,Kathak88,120
train,Kathak,Kathak277,123
train,Kathak,Kathak339,123
train,Kathak,Kathak214,125
train,Kathak,Kathak233,132
train,Kathak,Kathak304,134
train,Kathak,Kathak331,134
train,Kathak,Kathak125,141
train,Kathak,Kathak33,144
train,Kathak,Kathak104,149
train,Kathak,Kathak113,149
train,Kathak,Kathak122,149
train,Kathak,Kathak131,149
train,Kathak,Kathak140,149
train,Kathak,Kathak149,149
train,Kathak,Kathak158,149
train,Kathak,Kathak167,149
train,Kathak,Kathak176,149
train,Kathak,Kathak185,149
train,Kathak,Kathak194,149
train,Kathak,Kathak203,149
train,Kathak,Kathak212,149
train,Kathak,Kathak221,149
train,Kathak,Kathak230,149
train,Kathak,Kathak239,149
train,Kathak,Kathak248,149
train,Kathak,Kathak257,149
train,Kathak,Kathak266,149
train,Kathak,Kathak275,149
train,Kathak,Kathak284,149
train,Kathak,Kathak293,149
train,Kathak,Kathak302,149
train,Kathak,Kathak311,149
train,Kathak,Kathak32,149
train,Kathak,Kathak320,149
train,Kathak,Kathak329,149
train,Kathak,Kathak338,149
train,Kathak,Kathak347,149
train,Kathak,Kathak356,149
train,Kathak,Kathak365,149
train,Kathak,Kathak374,149
train,Kathak,Kathak41,149
train,Kathak,Kathak50,149
train,Kathak,Kathak59,149
train,Kathak,Kathak68,149
train,Kathak,Kathak77,149
train,Kathak,Kathak86,149
train,Kathak,Kathak95,149
train,Kathak,Kathak114,150
train,Kathak,Kathak115,150
train,Kathak,Kathak116,150
train,Kathak,Kathak123,150
train,Kathak,Kathak124,150
train,Kathak,Kathak132,150
train,Kathak,Kathak141,150
train,Kathak,Kathak142,150
train,Kathak,Kathak150,150
train,Kathak,Kathak151,150
train,Kathak,Kathak159,150
train,Kathak,Kathak160,150
train,Kathak,Kathak161,150
train,Kathak,Kathak168,150
train,Kathak,Kathak177,150
train,Kathak,Kathak178,150
train,Kathak,Kathak186,150
train,Kathak,Kathak195,150
train,Kathak,Kathak196,150
train,Kathak,Kathak213,150
train,Kathak,Kathak222,150
train,Kathak,Kathak231,150
train,Kathak,Kathak232,150
train,Kathak,Kathak240,150
train,Kathak,Kathak241,150
train,Kathak,Kathak242,150
train,Kathak,Kathak249,150
train,Kathak,Kathak250,150
train,Kathak,Kathak258,150
train,Kathak,Kathak276,150
train,Kathak,Kathak294,150
train,Kathak,Kathak303,150
train,Kathak,Kathak312,150
train,Kathak,Kathak313,150
train,Kathak,Kathak314,150
train,Kathak,Kathak321,150
train,Kathak,Kathak322,150
train,Kathak,Kathak323,150
train,Kathak,Kathak324,150
train,Kathak,Kathak325,150
train,Kathak,Kathak326,150
train,Kathak,Kathak330,150
train,Kathak,Kathak348,150
train,Kathak,Kathak349,150
train,Kathak,Kathak357,150
train,Kathak,Kathak366,150
train,Kathak,Kathak367,150
train,Kathak,Kathak375,150
train,Kathak,Kathak376,150
train,Kathak,Kathak377,150
train,Kathak,Kathak378,150
train,Kathak,Kathak42,150
train,Kathak,Kathak51,150
train,Kathak,Kathak52,150
train,Kathak,Kathak60,150
train,Kathak,Kathak69,150
train,Kathak,Kathak70,150
train,Kathak,Kathak78,150
train,Kathak,Kathak87,150
train,Kathak,Kathak96,150
train,Kathak,Kathak97,150
train,Kathak,Kathak98,150
train,Kuchipudi,Kuchipudi375,66
train,Kuchipudi,Kuchipudi197,67
train,Kuchipudi,Kuchipudi309,71
train,Kuchipudi,Kuchipudi103,73
train,Kuchipudi,Kuchipudi119,78
train,Kuchipudi,Kuchipudi170,78
train,Kuchipudi,Kuchipudi234,84
train,Kuchipudi,Kuchipudi244,84
train,Kuchipudi,Kuchipudi298,88
train,Kuchipudi,Kuchipudi89,89
train,Kuchipudi,Kuchipudi387,90
train,Kuchipudi,Kuchipudi368,91
train,Kuchipudi,Kuchipudi364,92
train,Kuchipudi,Kuchipudi79,92
train,Kuchipudi,Kuchipudi189,103
train,Kuchipudi,Kuchipudi272,115
train,Kuchipudi,Kuchipudi406,122
train,Kuchipudi,Kuchipudi69,122
train,Kuchipudi,Kuchipudi125,123
train,Kuchipudi,Kuchipudi350,124
train,Kuchipudi,Kuchipudi216,127
train,Kuchipudi,Kuchipudi278,131
train,Kuchipudi,Kuchipudi291,131
train,Kuchipudi,Kuchipudi224,136
train,Kuchipudi,Kuchipudi452,140
train,Kuchipudi,Kuchipudi325,143
train,Kuchipudi,Kuchipudi211,144
train,Kuchipudi,Kuchipudi104,149
train,Kuchipudi,Kuchipudi113,149
train,Kuchipudi,Kuchipudi122,149
train,Kuchipudi,Kuchipudi131,149
train,Kuchipudi,Kuchipudi140,149
train,Kuchipudi,Kuchipudi149,149
train,Kuchipudi,Kuchipudi158,149
train,Kuchipudi,Kuchipudi167,149
train,Kuchipudi,Kuchipudi176,149
train,Kuchipudi,Kuchipudi185,149
train,Kuchipudi,Kuchipudi194,149
train,Kuchipudi,Kuchipudi203,149
train,Kuchipudi,Kuchipudi212,149
train,Kuchipudi,Kuchipudi221,149
train,Kuchipudi,Kuchipudi230,149
train,Kuchipudi,Kuchipudi239,149
train,Kuchipudi,Kuchipudi248,149
train,Kuchipudi,Kuchipudi257,149
train,Kuchipudi,Kuchipudi266,149
train,Kuchipudi,Kuchipudi275,149
train,Kuchipudi,Kuchipudi284,149
train,Kuchipudi,Kuchipudi293,149
train,Kuchipudi,Kuchipudi302,149
train,Kuchipudi,Kuchipudi311,149
train,Kuchipudi,Kuchipudi320,149
train,Kuchipudi,Kuchipudi329,149
train,Kuchipudi,Kuchipudi338,149
train,Kuchipudi,Kuchipudi347,149
train,Kuchipudi,Kuchipudi356,149
train,Kuchipudi,Kuchipudi365,149
train,Kuchipudi,Kuchipudi374,149
train,Kuchipudi,Kuchipudi383,149
train,Kuchipudi,Kuchipudi392,149
train,Kuchipudi,Kuchipudi401,149
train,Kuchipudi,Kuchipudi41,149
train,Kuchipudi,Kuchipudi410,149
train,Kuchipudi,Kuchipudi419,149
train,Kuchipudi,Kuchipudi428,149
train,Kuchipudi,Kuchipudi437,149
train,Kuchipudi,Kuchipudi446,149
train,Kuchipudi,Kuchipudi455,149
train,Kuchipudi,Kuchipudi464,149
train,Kuchipudi,Kuchipudi473,149
train,Kuchipudi,Kuchipudi50,149
train,Kuchipudi,Kuchipudi59,149
train,Kuchipudi,Kuchipudi68,149
train,Kuchipudi,Kuchipudi77,149
train,Kuchipudi,Kuchipudi86,149
train,Kuchipudi,Kuchipudi95,149
train,Kuchipudi,Kuchipudi100,150
train,Kuchipudi,Kuchipudi101,150
train,Kuchipudi,Kuchipudi102,150
train,Kuchipudi,Kuchipudi105,150
train,Kuchipudi,Kuchipudi106,150
train,Kuchipudi,Kuchipudi107,150
train,Kuchipudi,Kuchipudi108,150
train,Kuchipudi,Kuchipudi109,150
train,Kuchipudi,Kuchipudi110,150
train,Kuchipudi,Kuchipudi111,150
train,Kuchipudi,Kuchipudi112,150
train,Kuchipudi,Kuchipudi114,150
train,Kuchipudi,Kuchipudi115,150
train,Kuchipudi,Kuchipudi116,150
train,Kuchipudi,Kuchipudi117,150
train,Kuchipudi,Kuchipudi118,150
train,Kuchipudi,Kuchipudi123,150
train,Kuchipudi,Kuchipudi124,150
train,Kuchipudi,Kuchipudi132,150
train,Kuchipudi,Kuchipudi133,150
train,Kuchipudi,Kuchipudi134,150
train,Kuchipudi,Kuchipudi135,150
train,Kuchipudi,Kuchipudi141,150
train,Kuchipudi,Kuchipudi142,150
train,Kuchipudi,Kuchipudi143,150
train,Kuchipudi,Kuchipudi144,150
train,Kuchipudi,Kuchipudi145,150
train,Kuchipudi,Kuchipudi146,150
train,Kuchipudi,Kuchipudi147,150
train,Kuchipudi,Kuchipudi150,150
train,Kuchipudi,Kuchipudi151,150
train,Kuchipudi,Kuchipudi159,150
train,Kuchipudi,Kuchipudi160,150
train,Kuchipudi,Kuchipudi168,150
train,Kuchipudi,Kuchipudi169,150
train,Kuchipudi,Kuchipudi177,150
train,Kuchipudi,Kuchipudi178,150
train,Kuchipudi,Kuchipudi179,150
train,Kuchipudi,Kuchipudi180,150
train,Kuchipudi,Kuchipudi186,150
train,Kuchipudi,Kuchipudi187,150
train,Kuchipudi,Kuchipudi188,150
train,Kuchipudi,Kuchipudi195,150
train,Kuchipudi,Kuchipudi196,150
train,Kuchipudi,Kuchipudi204,150
train,Kuchipudi,Kuchipudi205,150
train,Kuchipudi,Kuchipudi206,150
train,Kuchipudi,Kuchipudi207,150
train,Kuchipudi,Kuchipudi208,150
train,Kuchipudi,Kuchipudi209,150
train,Kuchipudi,Kuchipudi210,150
train,Kuchipudi,Kuchipudi213,150
train,Kuchipudi,Kuchipudi214,150
train,Kuchipudi,Kuchipudi215,150
train,Kuchipudi,Kuchipudi222,150
train,Kuchipudi,Kuchipudi223,150
train,Kuchipudi,Kuchipudi231,150
train,Kuchipudi,Kuchipudi232,150
train,Kuchipudi,Kuchipudi233,150
train,Kuchipudi,Kuchipudi240,150
train,Kuchipudi,Kuchipudi241,150
train,Kuchipudi,Kuchipudi242,150
train,Kuchipudi,Kuchipudi243,150
train,Kuchipudi,Kuchipudi249,150
train,Kuchipudi,Kuchipudi250,150
train,Kuchipudi,Kuchipudi251,150
train,Kuchipudi,Kuchipudi252,150
train,Kuchipudi,Kuchipudi258,150
train,Kuchipudi,Kuchipudi267,150
train,Kuchipudi,Kuchipudi268,150
train,Kuchipudi,Kuchipudi269,150
train,Kuchipudi,Kuchipudi270,150
train,Kuchipudi,Kuchipudi271,150
train,Kuchipudi,Kuchipudi276,150
train,Kuchipudi,Kuchipudi277,150
train,Kuchipudi,Kuchipudi285,150
train,Kuchipudi,Kuchipudi286,150
train,Kuchipudi,Kuchipudi287,150
train,Kuchipudi,Kuchipudi288,150
train,Kuchipudi,Kuchipudi289,150
train,Kuchipudi,Kuchipudi290,150
train,Kuchipudi,Kuchipudi294,150
train,Kuchipudi,Kuchipudi295,150
train,Kuchipudi,Kuchipudi296,150
train,Kuchipudi,Kuchipudi297,150
train,Kuchipudi,Kuchipudi303,150
train,Kuchipudi,Kuchipudi304,150
train,Kuchipudi,Kuchipudi305,150
train,Kuchipudi,Kuchipudi306,150
train,Kuchipudi,Kuchipudi307,150
train,Kuchipudi,Kuchipudi308,150
train,Kuchipudi,Kuchipudi312,150
train,Kuchipudi,Kuchipudi313,150
train,Kuchipudi,Kuchipudi314,150
train,Kuchipudi,Kuchipudi315,150
train,Kuchipudi,Kuchipudi316,150
train,Kuchipudi,Kuchipudi317,150
train,Kuchipudi,Kuchipudi318,150
train,Kuchipudi,Kuchipudi319,150
train,Kuchipudi,Kuchipudi321,150
train,Kuchipudi,Kuchipudi322,150
train,Kuchipudi,Kuchipudi323,150
train,Kuchipudi,Kuchipudi324,150
train,Kuchipudi,Kuchipudi330,150
train,Kuchipudi,Kuchipudi331,150
train,Kuchipudi,Kuchipudi332,150
train,Kuchipudi,Kuchipudi333,150
train,Kuchipudi,Kuchipudi334,150
train,Kuchipudi,Kuchipudi335,150
train,Kuchipudi,Kuchipudi336,150
train,Kuchipudi,Kuchipudi337,150
train,Kuchipudi,Kuchipudi339,150
train,Kuchipudi,Kuchipudi340,150
train,Kuchipudi,Kuchipudi341,150
train,Kuchipudi,Kuchipudi342,150
train,Kuchipudi,Kuchipudi343,150
train,Kuchipudi,Kuchipudi344,150
train,Kuchipudi,Kuchipudi345,150
train,Kuchipudi,Kuchipudi348,150
train,Kuchipudi,Kuchipudi349,150
train,Kuchipudi,Kuchipudi357,150
train,Kuchipudi,Kuchipudi358,150
train,Kuchipudi,Kuchipudi359,150
train,Kuchipudi,Kuchipudi360,150
train,Kuchipudi,Kuchipudi361,150
train,Kuchipudi,Kuchipudi362,150
train,Kuchipudi,Kuchipudi363,150
train,Kuchipudi,Kuchipudi366,150
train,Kuchipudi,Kuchipudi367,150
train,Kuchipudi,Kuchipudi384,150
train,Kuchipudi,Kuchipudi385,150
train,Kuchipudi,Kuchipudi386,150
train,Kuchipudi,Kuchipudi393,150
train,Kuchipudi,Kuchipudi394,150
train,Kuchipudi,Kuchipudi402,150
train,Kuchipudi,Kuchipudi403,150
train,Kuchipudi,Kuchipudi404,150
train,Kuchipudi,Kuchipudi405,150
train,Kuchipudi,Kuchipudi411,150
train,Kuchipudi,Kuchipudi412,150
train,Kuchipudi,Kuchipudi413,150
train,Kuchipudi,Kuchipudi414,150
train,Kuchipudi,Kuchipudi415,150
train,Kuchipudi,Kuchipudi416,150
train,Kuchipudi,Kuchipudi417,150
train,Kuchipudi,Kuchipudi418,150
train,Kuchipudi,Kuchipudi42,150
train,Kuchipudi,Kuchipudi420,150
train,Kuchipudi,Kuchipudi421,150
train,Kuchipudi,Kuchipudi422,150
train,Kuchipudi,Kuchipudi423,150
train,Kuchipudi,Kuchipudi424,150
train,Kuchipudi,Kuchipudi425,150
train,Kuchipudi,Kuchipudi426,150
train,Kuchipudi,Kuchipudi427,150
train,Kuchipudi,Kuchipudi429,150
train,Kuchipudi,Kuchipudi43,150
train,Kuchipudi,Kuchipudi430,150
train,Kuchipudi,Kuchipudi438,150
train,Kuchipudi,Kuchipudi439,150
train,Kuchipudi,Kuchipudi44,150
train,Kuchipudi,Kuchipudi440,150
train,Kuchipudi,Kuchipudi441,150
train,Kuchipudi,Kuchipudi442,150
train,Kuchipudi,Kuchipudi443,150
train,Kuchipudi,Kuchipudi444,150
train,Kuchipudi,Kuchipudi445,150
train,Kuchipudi,Kuchipudi447,150
train,Kuchipudi,Kuchipudi448,150
train,Kuchipudi,Kuchipudi449,150
train,Kuchipudi,Kuchipudi45,150
train,Kuchipudi,Kuchipudi450,150
train,Kuchipudi,Kuchipudi451,150
train,Kuchipudi,Kuchipudi456,150
train,Kuchipudi,Kuchipudi457,150
train,Kuchipudi,Kuchipudi458,150
train,Kuchipudi,Kuchipudi459,150
train,Kuchipudi,Kuchipudi46,150
train,Kuchipudi,Kuchipudi460,150
train,Kuchipudi,Kuchipudi465,150
train,Kuchipudi,Kuchipudi466,150
train,Kuchipudi,Kuchipudi467,150
train,Kuchipudi,Kuchipudi468,150
train,Kuchipudi,Kuchipudi47,150
train,Kuchipudi,Kuchipudi474,150
train,Kuchipudi,Kuchipudi475,150
train,Kuchipudi,Kuchipudi476,150
train,Kuchipudi,Kuchipudi477,150
train,Kuchipudi,Kuchipudi478,150
train,Kuchipudi,Kuchipudi48,150
train,Kuchipudi,Kuchipudi51,150
train,Kuchipudi,Kuchipudi52,150
train,Kuchipudi,Kuchipudi53,150
train,Kuchipudi,Kuchipudi54,150
train,Kuchipudi,Kuchipudi60,150
train,Kuchipudi,Kuchipudi61,150
train,Kuchipudi,Kuchipudi78,150
train,Kuchipudi,Kuchipudi87,150
train,Kuchipudi,Kuchipudi88,150
train,Kuchipudi,Kuchipudi96,150
train,Kuchipudi,Kuchipudi97,150
train,Kuchipudi,Kuchipudi98,150
train,Kuchipudi,Kuchipudi99,150
train,Manipuri,Manipuri180,85
train,Manipuri,Manipuri85,89
train,Manipuri,Manipuri210,98
train,Manipuri,Manipuri75,115
train,Manipuri,Manipuri114,123
train,Manipuri,Manipuri30,128
train,Manipuri,Manipuri204,130
train,Manipuri,Manipuri94,134
train,Manipuri,Manipuri52,138
train,Manipuri,Manipuri137,141
train,Manipuri,Manipuri196,146
train,Manipuri,Manipuri121,147
train,Manipuri,Manipuri107,149
train,Manipuri,Manipuri116,149
train,Manipuri,Manipuri125,149
train,Manipuri,Manipuri134,149
train,Manipuri,Manipuri143,149
train,Manipuri,Manipuri152,149
train,Manipuri,Manipuri161,149
train,Manipuri,Manipuri170,149
train,Manipuri,Manipuri179,149
train,Manipuri,Manipuri188,149
train,Manipuri,Manipuri197,149
train,Manipuri,Manipuri206,149
train,Manipuri,Manipuri215,149
train,Manipuri,Manipuri224,149
train,Manipuri,Manipuri233,149
train,Manipuri,Manipuri26,149
train,Manipuri,Manipuri35,149
train,Manipuri,Manipuri44,149
train,Manipuri,Manipuri53,149
train,Manipuri,Manipuri62,149
train,Manipuri,Manipuri71,149
train,Manipuri,Manipuri80,149
train,Manipuri,Manipuri89,149
train,Manipuri,Manipuri98,149
train,Manipuri,Manipuri100,150
train,Manipuri,Manipuri101,150
train,Manipuri,Manipuri102,150
train,Manipuri,Manipuri103,150
train,Manipuri,Manipuri104,150
train,Manipuri,Manipuri105,150
train,Manipuri,Manipuri108,150
train,Manipuri,Manipuri109,150
train,Manipuri,Manipuri110,150
train,Manipuri,Manipuri111,150
train,Manipuri,Manipuri112,150
train,Manipuri,Manipuri113,150
train,Manipuri,Manipuri117,150
train,Manipuri,Manipuri118,150
train,Manipuri,Manipuri119,150
train,Manipuri,Manipuri120,150
train,Manipuri,Manipuri126,150
train,Manipuri,Manipuri127,150
train,Manipuri,Manipuri128,150
train,Manipuri,Manipuri129,150
train,Manipuri,Manipuri135,150
train,Manipuri,Manipuri136,150
train,Manipuri,Manipuri144,150
train,Manipuri,Manipuri145,150
train,Manipuri,Manipuri153,150
train,Manipuri,Manipuri154,150
train,Manipuri,Manipuri162,150
train,Manipuri,Manipuri163,150
train,Manipuri,Manipuri171,150
train,Manipuri,Manipuri172,150
train,Manipuri,Manipuri189,150
train,Manipuri,Manipuri190,150
train,Manipuri,Manipuri191,150
train,Manipuri,Manipuri192,150
train,Manipuri,Manipuri193,150
train,Manipuri,Manipuri194,150
train,Manipuri,Manipuri195,150
train,Manipuri,Manipuri198,150
train,Manipuri,Manipuri199,150
train,Manipuri,Manipuri200,150
train,Manipuri,Manipuri201,150
train,Manipuri,Manipuri202,150
train,Manipuri,Manipuri203,150
train,Manipuri,Manipuri207,150
train,Manipuri,Manipuri208,150
train,Manipuri,Manipuri209,150
train,Manipuri,Manipuri216,150
train,Manipuri,Manipuri217,150
train,Manipuri,Manipuri225,150
train,Manipuri,Manipuri226,150
train,Manipuri,Manipuri234,150
train,Manipuri,Manipuri27,150
train,Manipuri,Manipuri28,150
train,Manipuri,Manipuri29,150
train,Manipuri,Manipuri36,150
train,Manipuri,Manipuri37,150
train,Manipuri,Manipuri38,150
train,Manipuri,Manipuri39,150
train,Manipuri,Manipuri40,150
train,Manipuri,Manipuri45,150
train,Manipuri,Manipuri46,150
train,Manipuri,Manipuri47,150
train,Manipuri,Manipuri48,150
train,Manipuri,Manipuri49,150
train,Manipuri,Manipuri50,150
train,Manipuri,Manipuri51,150
train,Manipuri,Manipuri54,150
train,Manipuri,Manipuri55,150
train,Manipuri,Manipuri56,150
train,Manipuri,Manipuri57,150
train,Manipuri,Manipuri58,150
train,Manipuri,Manipuri59,150
train,Manipuri,Manipuri60,150
train,Manipuri,Manipuri61,150
train,Manipuri,Manipuri63,150
train,Manipuri,Manipuri64,150
train,Manipuri,Manipuri65,150
train,Manipuri,Manipuri66,150
train,Manipuri,Manipuri67,150
train,Manipuri,Manipuri72,150
train,Manipuri,Manipuri73,150
train,Manipuri,Manipuri74,150
train,Manipuri,Manipuri81,150
train,Manipuri,Manipuri82,150
train,Manipuri,Manipuri83,150
train,Manipuri,Manipuri84,150
train,Manipuri,Manipuri90,150
train,Manipuri,Manipuri91,150
train,Manipuri,Manipuri92,150
train,Manipuri,Manipuri93,150
train,Manipuri,Manipuri99,150
train,Mohiniattam,Mohiniattam141,60
train,Mohiniattam,Mohiniattam186,71
train,Mohiniattam,Mohiniattam221,74
train,Mohiniattam,Mohiniattam227,74
train,Mohiniattam,Mohiniattam122,79
train,Mohiniattam,Mohiniattam237,79
train,Mohiniattam,Mohiniattam177,81
train,Mohiniattam,Mohiniattam148,95
train,Mohiniattam,Mohiniattam47,97
train,Mohiniattam,Mohiniattam112,102
train,Mohiniattam,Mohiniattam60,119
train,Mohiniattam,Mohiniattam11,130
train,Mohiniattam,Mohiniattam38,131
train,Mohiniattam,Mohiniattam246,133
train,Mohiniattam,Mohiniattam98,133
train,Mohiniattam,Mohiniattam213,134
train,Mohiniattam,Mohiniattam5,137
train,Mohiniattam,Mohiniattam1,149
train,Mohiniattam,Mohiniattam10,149
train,Mohiniattam,Mohiniattam100,149
train,Mohiniattam,Mohiniattam109,149
train,Mohiniattam,Mohiniattam118,149
train,Mohiniattam,Mohiniattam127,149
train,Mohiniattam,Mohiniattam136,149
train,Mohiniattam,Mohiniattam145,149
train,Mohiniattam,Mohiniattam154,149
train,Mohiniattam,Mohiniattam163,149
train,Mohiniattam,Mohiniattam172,149
train,Mohiniattam,Mohiniattam181,149
train,Mohiniattam,Mohiniattam19,149
train,Mohiniattam,Mohiniattam190,149
train,Mohiniattam,Mohiniattam199,149
train,Mohiniattam,Mohiniattam208,149
train,Mohiniattam,Mohiniattam217,149
train,Mohiniattam,Mohiniattam226,149
train,Mohiniattam,Mohiniattam235,149
train,Mohiniattam,Mohiniattam244,149
train,Mohiniattam,Mohiniattam253,149
train,Mohiniattam,Mohiniattam262,149
train,Mohiniattam,Mohiniattam271,149
train,Mohiniattam,Mohiniattam28,149
train,Mohiniattam,Mohiniattam37,149
train,Mohiniattam,Mohiniattam46,149
train,Mohiniattam,Mohiniattam55,149
train,Mohiniattam,Mohiniattam64,149
train,Mohiniattam,Mohiniattam73,149
train,Mohiniattam,Mohiniattam82,149
train,Mohiniattam,Mohiniattam91,149
train,Mohiniattam,Mohiniattam101,150
train,Mohiniattam,Mohiniattam102,150
train,Mohiniattam,Mohiniattam103,150
train,Mohiniattam,Mohiniattam104,150
train,Mohiniattam,Mohiniattam105,150
train,Mohiniattam,Mohiniattam110,150
train,Mohiniattam,Mohiniattam111,150
train,Mohiniattam,Mohiniattam119,150
train,Mohiniattam,Mohiniattam120,150
train,Mohiniattam,Mohiniattam121,150
train,Mohiniattam,Mohiniattam128,150
train,Mohiniattam,Mohiniattam129,150
train,Mohiniattam,Mohiniattam130,150
train,Mohiniattam,Mohiniattam131,150
train,Mohiniattam,Mohiniattam132,150
train,Mohiniattam,Mohiniattam137,150
train,Mohiniattam,Mohiniattam138,150
train,Mohiniattam,Mohiniattam139,150
train,Mohiniattam,Mohiniattam140,150
train,Mohiniattam,Mohiniattam146,150
train,Mohiniattam,Mohiniattam147,150
train,Mohiniattam,Mohiniattam155,150
train,Mohiniattam,Mohiniattam156,150
train,Mohiniattam,Mohiniattam157,150
train,Mohiniattam,Mohiniattam164,150
train,Mohiniattam,Mohiniattam165,150
train,Mohiniattam,Mohiniattam173,150
train,Mohiniattam,Mohiniattam174,150
train,Mohiniattam,Mohiniattam175,150
train,Mohiniattam,Mohiniattam176,150
train,Mohiniattam,Mohiniattam182,150
train,Mohiniattam,Mohiniattam183,150
train,Mohiniattam,Mohiniattam184,150
train,Mohiniattam,Mohiniattam185,150
train,Mohiniattam,Mohiniattam191,150
train,Mohiniattam,Mohiniattam192,150
train,Mohiniattam,Mohiniattam193,150
train,Mohiniattam,Mohiniattam194,150
train,Mohiniattam,Mohiniattam195,150
train,Mohiniattam,Mohiniattam196,150
train,Mohiniattam,Mohiniattam197,150
train,Mohiniattam,Mohiniattam2,150
train,Mohiniattam,Mohiniattam20,150
train,Mohiniattam,Mohiniattam200,150
train,Mohiniattam,Mohiniattam201,150
train,Mohiniattam,Mohiniattam202,150
train,Mohiniattam,Mohiniattam203,150
train,Mohiniattam,Mohiniattam209,150
train,Mohiniattam,Mohiniattam21,150
train,Mohiniattam,Mohiniattam210,150
train,Mohiniattam,Mohiniattam211,150
train,Mohiniattam,Mohiniattam212,150
train,Mohiniattam,Mohiniattam218,150
train,Mohiniattam,Mohiniattam219,150
train,Mohiniattam,Mohiniattam220,150
train,Mohiniattam,Mohiniattam236,150
train,Mohiniattam,Mohiniattam245,150
train,Mohiniattam,Mohiniattam254,150
train,Mohiniattam,Mohiniattam255,150
train,Mohiniattam,Mohiniattam256,150
train,Mohiniattam,Mohiniattam263,150
train,Mohiniattam,Mohiniattam264,150
train,Mohiniattam,Mohiniattam265,150
train,Mohiniattam,Mohiniattam272,150
train,Mohiniattam,Mohiniattam273,150
train,Mohiniattam,Mohiniattam274,150
train,Mohiniattam,Mohiniattam275,150
train,Mohiniattam,Mohiniattam29,150
train,Mohiniattam,Mohiniattam3,150
train,Mohiniattam,Mohiniattam30,150
train,Mohiniattam,Mohiniattam31,150
train,Mohiniattam,Mohiniattam4,150
train,Mohiniattam,Mohiniattam56,150
train,Mohiniattam,Mohiniattam57,150
train,Mohiniattam,Mohiniattam58,150
train,Mohiniattam,Mohiniattam59,150
train,Mohiniattam,Mohiniattam65,150
train,Mohiniattam,Mohiniattam66,150
train,Mohiniattam,Mohiniattam67,150
train,Mohiniattam,Mohiniattam68,150
train,Mohiniattam,Mohiniattam69,150
train,Mohiniattam,Mohiniattam70,150
train,Mohiniattam,Mohiniattam71,150
train,Mohiniattam,Mohiniattam74,150
train,Mohiniattam,Mohiniattam75,150
train,Mohiniattam,Mohiniattam76,150
train,Mohiniattam,Mohiniattam77,150
train,Mohiniattam,Mohiniattam78,150
train,Mohiniattam,Mohiniattam79,150
train,Mohiniattam,Mohiniattam80,150
train,Mohiniattam,Mohiniattam83,150
train,Mohiniattam,Mohiniattam84,150
train,Mohiniattam,Mohiniattam85,150
train,Mohiniattam,Mohiniattam86,150
train,Mohiniattam,Mohiniattam87,150
train,Mohiniattam,Mohiniattam92,150
train,Mohiniattam,Mohiniattam93,150
train,Mohiniattam,Mohiniattam94,150
train,Mohiniattam,Mohiniattam95,150
train,Mohiniattam,Mohiniattam96,150
train,Mohiniattam,Mohiniattam97,150
train,Odissi,Odissi220,65
train,Odissi,Odissi184,66
train,Odissi,Odissi283,70
train,Odissi,Odissi299,73
train,Odissi,Odissi319,75
train,Odissi,Odissi274,84
train,Odissi,Odissi75,84
train,Odissi,Odissi173,94
train,Odissi,Odissi328,96
train,Odissi,Odissi337,96
train,Odissi,Odissi345,102
train,Odissi,Odissi400,105
train,Odissi,Odissi237,108
train,Odissi,Odissi110,115
train,Odissi,Odissi389,116
train,Odissi,Odissi381,118
train,Odissi,Odissi193,121
train,Odissi,Odissi132,123
train,Odissi,Odissi203,124
train,Odissi,Odissi373,124
train,Odissi,Odissi11,127
train,Odissi,Odissi156,127
train,Odissi,Odissi101,131
train,Odissi,Odissi59,135
train,Odissi,Odissi49,146
train,Odissi,Odissi1,149
train,Odissi,Odissi10,149
train,Odissi,Odissi100,149
train,Odissi,Odissi109,149
train,Odissi,Odissi118,149
train,Odissi,Odissi127,149
train,Odissi,Odissi136,149
train,Odissi,Odissi145,149
train,Odissi,Odissi154,149
train,Odissi,Odissi163,149
train,Odissi,Odissi172,149
train,Odissi,Odissi181,149
train,Odissi,Odissi19,149
train,Odissi,Odissi190,149
train,Odissi,Odissi199,149
train,Odissi,Odissi208,149
train,Odissi,Odissi217,149
train,Odissi,Odissi226,149
train,Odissi,Odissi235,149
train,Odissi,Odissi244,149
train,Odissi,Odissi253,149
train,Odissi,Odissi262,149
train,Odissi,Odissi264,149
train,Odissi,Odissi271,149
train,Odissi,Odissi28,149
train,Odissi,Odissi280,149
train,Odissi,Odissi289,149
train,Odissi,Odissi298,149
train,Odissi,Odissi307,149
train,Odissi,Odissi316,149
train,Odissi,Odissi325,149
train,Odissi,Odissi334,149
train,Odissi,Odissi343,149
train,Odissi,Odissi352,149
train,Odissi,Odissi361,149
train,Odissi,Odissi37,149
train,Odissi,Odissi370,149
train,Odissi,Odissi379,149
train,Odissi,Odissi388,149
train,Odissi,Odissi397,149
train,Odissi,Odissi46,149
train,Odissi,Odissi55,149
train,Odissi,Odissi64,149
train,Odissi,Odissi73,149
train,Odissi,Odissi82,149
train,Odissi,Odissi91,149
train,Odissi,Odissi119,150
train,Odissi,Odissi120,150
train,Odissi,Odissi121,150
train,Odissi,Odissi122,150
train,Odissi,Odissi123,150
train,Odissi,Odissi128,150
train,Odissi,Odissi129,150
train,Odissi,Odissi130,150
train,Odissi,Odissi131,150
train,Odissi,Odissi137,150
train,Odissi,Odissi146,150
train,Odissi,Odissi147,150
train,Odissi,Odissi155,150
train,Odissi,Odissi164,150
train,Odissi,Odissi165,150
train,Odissi,Odissi166,150
train,Odissi,Odissi182,150
train,Odissi,Odissi183,150
train,Odissi,Odissi191,150
train,Odissi,Odissi192,150
train,Odissi,Odissi2,150
train,Odissi,Odissi20,150
train,Odissi,Odissi200,150
train,Odissi,Odissi201,150
train,Odissi,Odissi202,150
train,Odissi,Odissi209,150
train,Odissi,Odissi21,150
train,Odissi,Odissi210,150
train,Odissi,Odissi211,150
train,Odissi,Odissi218,150
train,Odissi,Odissi219,150
train,Odissi,Odissi22,150
train,Odissi,Odissi227,150
train,Odissi,Odissi228,150
train,Odissi,Odissi229,150
train,Odissi,Odissi23,150
train,Odissi,Odissi236,150
train,Odissi,Odissi24,150
train,Odissi,Odissi245,150
train,Odissi,Odissi246,150
train,Odissi,Odissi25,150
train,Odissi,Odissi254,150
train,Odissi,Odissi255,150
train,Odissi,Odissi256,150
train,Odissi,Odissi26,150
train,Odissi,Odissi263,150
train,Odissi,Odissi27,150
train,Odissi,Odissi272,150
train,Odissi,Odissi273,150
train,Odissi,Odissi281,150
train,Odissi,Odissi282,150
train,Odissi,Odissi29,150
train,Odissi,Odissi290,150
train,Odissi,Odissi291,150
train,Odissi,Odissi3,150
train,Odissi,Odissi30,150
train,Odissi,Odissi308,150
train,Odissi,Odissi309,150
train,Odissi,Odissi31,150
train,Odissi,Odissi317,150
train,Odissi,Odissi318,150
train,Odissi,Odissi32,150
train,Odissi,Odissi326,150
train,Odissi,Odissi327,150
train,Odissi,Odissi33,150
train,Odissi,Odissi335,150
train,Odissi,Odissi336,150
train,Odissi,Odissi34,150
train,Odissi,Odissi344,150
train,Odissi,Odissi35,150
train,Odissi,Odissi353,150
train,Odissi,Odissi36,150
train,Odissi,Odissi362,150
train,Odissi,Odissi363,150
train,Odissi,Odissi371,150
train,Odissi,Odissi372,150
train,Odissi,Odissi38,150
train,Odissi,Odissi380,150
train,Odissi,Odissi39,150
train,Odissi,Odissi398,150
train,Odissi,Odissi399,150
train,Odissi,Odissi4,150
train,Odissi,Odissi40,150
train,Odissi,Odissi47,150
train,Odissi,Odissi48,150
train,Odissi,Odissi5,150
train,Odissi,Odissi56,150
train,Odissi,Odissi57,150
train,Odissi,Odissi58,150
train,Odissi,Odissi6,150
train,Odissi,Odissi65,150
train,Odissi,Odissi66,150
train,Odissi,Odissi67,150
train,Odissi,Odissi68,150
train,Odissi,Odissi7,150
train,Odissi,Odissi74,150
train,Odissi,Odissi83,150
train,Odissi,Odissi92,150
test,Bharatnatyam,Bharatnatyam424,60
test,Bharatnatyam,Bharatnatyam438,65
test,Bharatnatyam,Bharatnatyam448,75
test,Bharatnatyam,Bharatnatyam394,93
test,Bharatnatyam,Bharatnatyam405,108
test,Bharatnatyam,Bharatnatyam383,122
test,Bharatnatyam,Bharatnatyam485,133
test,Bharatnatyam,Bharatnatyam389,149
test,Bharatnatyam,Bharatnatyam398,149
test,Bharatnatyam,Bharatnatyam407,149
test,Bharatnatyam,Bharatnatyam416,149
test,Bharatnatyam,Bharatnatyam425,149
test,Bharatnatyam,Bharatnatyam434,149
test,Bharatnatyam,Bharatnatyam443,149
test,Bharatnatyam,Bharatnatyam452,149
test,Bharatnatyam,Bharatnatyam461,149
test,Bharatnatyam,Bharatnatyam470,149
test,Bharatnatyam,Bharatnatyam479,149
test,Bharatnatyam,Bharatnatyam488,149
test,Bharatnatyam,Bharatnatyam497,149
test,Bharatnatyam,Bharatnatyam390,150
test,Bharatnatyam,Bharatnatyam391,150
test,Bharatnatyam,Bharatnatyam392,150
test,Bharatnatyam,Bharatnatyam393,150
test,Bharatnatyam,Bharatnatyam399,150
test,Bharatnatyam,Bharatnatyam400,150
test,Bharatnatyam,Bharatnatyam401,150
test,Bharatnatyam,Bharatnatyam402,150
test,Bharatnatyam,Bharatnatyam403,150
test,Bharatnatyam,Bharatnatyam404,150
test,Bharatnatyam,Bharatnatyam408,150
test,Bharatnatyam,Bharatnatyam409,150
test,Bharatnatyam,Bharatnatyam417,150
test,Bharatnatyam,Bharatnatyam418,150
test,Bharatnatyam,Bharatnatyam419,150
test,Bharatnatyam,Bharatnatyam420,150
test,Bharatnatyam,Bharatnatyam421,150
test,Bharatnatyam,Bharatnatyam422,150
test,Bharatnatyam,Bharatnatyam423,150
test,Bharatnatyam,Bharatnatyam426,150
test,Bharatnatyam,Bharatnatyam427,150
test,Bharatnatyam,Bharatnatyam428,150
test,Bharatnatyam,Bharatnatyam435,150
test,Bharatnatyam,Bharatnatyam436,150
test,Bharatnatyam,Bharatnatyam437,150
test,Bharatnatyam,Bharatnatyam444,150
test,Bharatnatyam,Bharatnatyam445,150
test,Bharatnatyam,Bharatnatyam446,150
test,Bharatnatyam,Bharatnatyam447,150
test,Bharatnatyam,Bharatnatyam453,150
test,Bharatnatyam,Bharatnatyam462,150
test,Bharatnatyam,Bharatnatyam463,150
test,Bharatnatyam,Bharatnatyam464,150
test,Bharatnatyam,Bharatnatyam471,150
test,Bharatnatyam,Bharatnatyam472,150
test,Bharatnatyam,Bharatnatyam473,150
test,Bharatnatyam,Bharatnatyam474,150
test,Bharatnatyam,Bharatnatyam475,150
test,Bharatnatyam,Bharatnatyam476,150
test,Bharatnatyam,Bharatnatyam480,150
test,Bharatnatyam,Bharatnatyam481,150
test,Bharatnatyam,Bharatnatyam482,150
test,Bharatnatyam,Bharatnatyam483,150
test,Bharatnatyam,Bharatnatyam484,150
test,Bharatnatyam,Bharatnatyam489,150
test,Bharatnatyam,Bharatnatyam490,150
test,Bharatnatyam,Bharatnatyam491,150
test,Bharatnatyam,Bharatnatyam492,150
test,Bharatnatyam,Bharatnatyam493,150
test,Bharatnatyam,Bharatnatyam494,150
test,Bharatnatyam,Bharatnatyam495,150
test,Bharatnatyam,Bharatnatyam496,150
test,Bharatnatyam,Bharatnatyam498,150
test,Bharatnatyam,Bharatnatyam499,150
test,Bharatnatyam,Bharatnatyam500,150
test,Bharatnatyam,Bharatnatyam501,150
test,Kathak,Kathak421,69
test,Kathak,Kathak485,83
test,Kathak,Kathak468,85
test,Kathak,Kathak412,87
test,Kathak,Kathak456,92
test,Kathak,Kathak547,102
test,Kathak,Kathak519,111
test,Kathak,Kathak528,126
test,Kathak,Kathak383,149
test,Kathak,Kathak446,149
test,Kathak,Kathak455,149
test,Kathak,Kathak464,149
test,Kathak,Kathak473,149
test,Kathak,Kathak482,149
test,Kathak,Kathak491,149
test,Kathak,Kathak500,149
test,Kathak,Kathak509,149
test,Kathak,Kathak518,149
test,Kathak,Kathak527,149
test,Kathak,Kathak536,149
test,Kathak,Kathak545,149
test,Kathak,Kathak384,150
test,Kathak,Kathak385,150
test,Kathak,Kathak393,150
test,Kathak,Kathak411,150
test,Kathak,Kathak420,150
test,Kathak,Kathak429,150
test,Kathak,Kathak430,150
test,Kathak,Kathak431,150
test,Kathak,Kathak465,150
test,Kathak,Kathak466,150
test,Kathak,Kathak467,150
test,Kathak,Kathak483,150
test,Kathak,Kathak484,150
test,Kathak,Kathak492,150
test,Kathak,Kathak493,150
test,Kathak,Kathak501,150
test,Kathak,Kathak502,150
test,Kathak,Kathak510,150
test,Kathak,Kathak511,150
test,Kathak,Kathak512,150
test,Kathak,Kathak546,150
test,Kuchipudi,Kuchipudi592,65
test,Kuchipudi,Kuchipudi656,69
test,Kuchipudi,Kuchipudi525,73
test,Kuchipudi,Kuchipudi558,76
test,Kuchipudi,Kuchipudi640,80
test,Kuchipudi,Kuchipudi603,110
test,Kuchipudi,Kuchipudi539,111
test,Kuchipudi,Kuchipudi515,124
test,Kuchipudi,Kuchipudi486,129
test,Kuchipudi,Kuchipudi530,136
test,Kuchipudi,Kuchipudi482,149
test,Kuchipudi,Kuchipudi491,149
test,Kuchipudi,Kuchipudi500,149
test,Kuchipudi,Kuchipudi509,149
test,Kuchipudi,Kuchipudi518,149
test,Kuchipudi,Kuchipudi527,149
test,Kuchipudi,Kuchipudi536,149
test,Kuchipudi,Kuchipudi545,149
test,Kuchipudi,Kuchipudi554,149
test,Kuchipudi,Kuchipudi563,149
test,Kuchipudi,Kuchipudi572,149
test,Kuchipudi,Kuchipudi581,149
test,Kuchipudi,Kuchipudi590,149
test,Kuchipudi,Kuchipudi599,149
test,Kuchipudi,Kuchipudi608,149
test,Kuchipudi,Kuchipudi617,149
test,Kuchipudi,Kuchipudi626,149
test,Kuchipudi,Kuchipudi635,149
test,Kuchipudi,Kuchipudi644,149
test,Kuchipudi,Kuchipudi653,149
test,Kuchipudi,Kuchipudi662,149
test,Kuchipudi,Kuchipudi479,150
test,Kuchipudi,Kuchipudi480,150
test,Kuchipudi,Kuchipudi483,150
test,Kuchipudi,Kuchipudi484,150
test,Kuchipudi,Kuchipudi485,150
test,Kuchipudi,Kuchipudi492,150
test,Kuchipudi,Kuchipudi493,150
test,Kuchipudi,Kuchipudi494,150
test,Kuchipudi,Kuchipudi495,150
test,Kuchipudi,Kuchipudi496,150
test,Kuchipudi,Kuchipudi497,150
test,Kuchipudi,Kuchipudi501,150
test,Kuchipudi,Kuchipudi502,150
test,Kuchipudi,Kuchipudi503,150
test,Kuchipudi,Kuchipudi504,150
test,Kuchipudi,Kuchipudi505,150
test,Kuchipudi,Kuchipudi510,150
test,Kuchipudi,Kuchipudi511,150
test,Kuchipudi,Kuchipudi512,150
test,Kuchipudi,Kuchipudi513,150
test,Kuchipudi,Kuchipudi514,150
test,Kuchipudi,Kuchipudi519,150
test,Kuchipudi,Kuchipudi520,150
test,Kuchipudi,Kuchipudi521,150
test,Kuchipudi,Kuchipudi522,150
test,Kuchipudi,Kuchipudi523,150
test,Kuchipudi,Kuchipudi524,150
test,Kuchipudi,Kuchipudi528,150
test,Kuchipudi,Kuchipudi529,150
test,Kuchipudi,Kuchipudi537,150
test,Kuchipudi,Kuchipudi538,150
test,Kuchipudi,Kuchipudi546,150
test,Kuchipudi,Kuchipudi547,150
test,Kuchipudi,Kuchipudi548,150
test,Kuchipudi,Kuchipudi549,150
test,Kuchipudi,Kuchipudi550,150
test,Kuchipudi,Kuchipudi551,150
test,Kuchipudi,Kuchipudi555,150
test,Kuchipudi,Kuchipudi556,150
test,Kuchipudi,Kuchipudi557,150
test,Kuchipudi,Kuchipudi564,150
test,Kuchipudi,Kuchipudi565,150
test,Kuchipudi,Kuchipudi566,150
test,Kuchipudi,Kuchipudi573,150
test,Kuchipudi,Kuchipudi574,150
test,Kuchipudi,Kuchipudi575,150
test,Kuchipudi,Kuchipudi582,150
test,Kuchipudi,Kuchipudi583,150
test,Kuchipudi,Kuchipudi584,150
test,Kuchipudi,Kuchipudi585,150
test,Kuchipudi,Kuchipudi586,150
test,Kuchipudi,Kuchipudi587,150
test,Kuchipudi,Kuchipudi588,150
test,Kuchipudi,Kuchipudi589,150
test,Kuchipudi,Kuchipudi591,150
test,Kuchipudi,Kuchipudi600,150
test,Kuchipudi,Kuchipudi601,150
test,Kuchipudi,Kuchipudi602,150
test,Kuchipudi,Kuchipudi609,150
test,Kuchipudi,Kuchipudi610,150
test,Kuchipudi,Kuchipudi618,150
test,Kuchipudi,Kuchipudi619,150
test,Kuchipudi,Kuchipudi620,150
test,Kuchipudi,Kuchipudi621,150
test,Kuchipudi,Kuchipudi622,150
test,Kuchipudi,Kuchipudi627,150
test,Kuchipudi,Kuchipudi628,150
test,Kuchipudi,Kuchipudi629,150
test,Kuchipudi,Kuchipudi630,150
test,Kuchipudi,Kuchipudi631,150
test,Kuchipudi,Kuchipudi632,150
test,Kuchipudi,Kuchipudi633,150
test,Kuchipudi,Kuchipudi634,150
test,Kuchipudi,Kuchipudi636,150
test,Kuchipudi,Kuchipudi637,150
test,Kuchipudi,Kuchipudi638,150
test,Kuchipudi,Kuchipudi639,150
test,Kuchipudi,Kuchipudi645,150
test,Kuchipudi,Kuchipudi646,150
test,Kuchipudi,Kuchipudi647,150
test,Kuchipudi,Kuchipudi654,150
test,Kuchipudi,Kuchipudi655,150
test,Kuchipudi,Kuchipudi663,150
test,Kuchipudi,Kuchipudi664,150
test,Kuchipudi,Kuchipudi665,150
test,Manipuri,Manipuri274,62
test,Manipuri,Manipuri245,63
test,Manipuri,Manipuri351,66
test,Manipuri,Manipuri335,78
test,Manipuri,Manipuri318,87
test,Manipuri,Manipuri308,90
test,Manipuri,Manipuri301,94
test,Manipuri,Manipuri252,116
test,Manipuri,Manipuri324,127
test,Manipuri,Manipuri236,137
test,Manipuri,Manipuri242,149
test,Manipuri,Manipuri251,149
test,Manipuri,Manipuri260,149
test,Manipuri,Manipuri269,149
test,Manipuri,Manipuri278,149
test,Manipuri,Manipuri287,149
test,Manipuri,Manipuri296,149
test,Manipuri,Manipuri305,149
test,Manipuri,Manipuri314,149
test,Manipuri,Manipuri323,149
test,Manipuri,Manipuri332,149
test,Manipuri,Manipuri341,149
test,Manipuri,Manipuri350,149
test,Manipuri,Manipuri359,149
test,Manipuri,Manipuri235,150
test,Manipuri,Manipuri243,150
test,Manipuri,Manipuri244,150
test,Manipuri,Manipuri261,150
test,Manipuri,Manipuri270,150
test,Manipuri,Manipuri271,150
test,Manipuri,Manipuri272,150
test,Manipuri,Manipuri273,150
test,Manipuri,Manipuri279,150
test,Manipuri,Manipuri280,150
test,Manipuri,Manipuri281,150
test,Manipuri,Manipuri282,150
test,Manipuri,Manipuri288,150
test,Manipuri,Manipuri289,150
test,Manipuri,Manipuri290,150
test,Manipuri,Manipuri291,150
test,Manipuri,Manipuri297,150
test,Manipuri,Manipuri298,150
test,Manipuri,Manipuri299,150
test,Manipuri,Manipuri300,150
test,Manipuri,Manipuri306,150
test,Manipuri,Manipuri307,150
test,Manipuri,Manipuri315,150
test,Manipuri,Manipuri316,150
test,Manipuri,Manipuri317,150
test,Manipuri,Manipuri333,150
test,Manipuri,Manipuri334,150
test,Manipuri,Manipuri342,150
test,Manipuri,Manipuri360,150
test,Manipuri,Manipuri361,150
test,Mohiniattam,Mohiniattam349,71
test,Mohiniattam,Mohiniattam320,77
test,Mohiniattam,Mohiniattam338,88
test,Mohiniattam,Mohiniattam293,103
test,Mohiniattam,Mohiniattam314,124
test,Mohiniattam,Mohiniattam364,125
test,Mohiniattam,Mohiniattam280,149
test,Mohiniattam,Mohiniattam289,149
test,Mohiniattam,Mohiniattam298,149
test,Mohiniattam,Mohiniattam307,149
test,Mohiniattam,Mohiniattam316,149
test,Mohiniattam,Mohiniattam325,149
test,Mohiniattam,Mohiniattam334,149
test,Mohiniattam,Mohiniattam343,149
test,Mohiniattam,Mohiniattam352,149
test,Mohiniattam,Mohiniattam361,149
test,Mohiniattam,Mohiniattam370,149
test,Mohiniattam,Mohiniattam379,149
test,Mohiniattam,Mohiniattam276,150
test,Mohiniattam,Mohiniattam281,150
test,Mohiniattam,Mohiniattam282,150
test,Mohiniattam,Mohiniattam283,150
test,Mohiniattam,Mohiniattam290,150
test,Mohiniattam,Mohiniattam291,150
test,Mohiniattam,Mohiniattam292,150
test,Mohiniattam,Mohiniattam299,150
test,Mohiniattam,Mohiniattam300,150
test,Mohiniattam,Mohiniattam301,150
test,Mohiniattam,Mohiniattam308,150
test,Mohiniattam,Mohiniattam309,150
test,Mohiniattam,Mohiniattam310,150
test,Mohiniattam,Mohiniattam311,150
test,Mohiniattam,Mohiniattam312,150
test,Mohiniattam,Mohiniattam313,150
test,Mohiniattam,Mohiniattam317,150
test,Mohiniattam,Mohiniattam318,150
test,Mohiniattam,Mohiniattam319,150
test,Mohiniattam,Mohiniattam326,150
test,Mohiniattam,Mohiniattam327,150
test,Mohiniattam,Mohiniattam328,150
test,Mohiniattam,Mohiniattam329,150
test,Mohiniattam,Mohiniattam330,150
test,Mohiniattam,Mohiniattam331,150
test,Mohiniattam,Mohiniattam332,150
test,Mohiniattam,Mohiniattam333,150
test,Mohiniattam,Mohiniattam335,150
test,Mohiniattam,Mohiniattam336,150
test,Mohiniattam,Mohiniattam337,150
test,Mohiniattam,Mohiniattam344,150
test,Mohiniattam,Mohiniattam345,150
test,Mohiniattam,Mohiniattam346,150
test,Mohiniattam,Mohiniattam347,150
test,Mohiniattam,Mohiniattam348,150
test,Mohiniattam,Mohiniattam353,150
test,Mohiniattam,Mohiniattam354,150
test,Mohiniattam,Mohiniattam355,150
test,Mohiniattam,Mohiniattam356,150
test,Mohiniattam,Mohiniattam362,150
test,Mohiniattam,Mohiniattam363,150
test,Mohiniattam,Mohiniattam371,150
test,Mohiniattam,Mohiniattam372,150
test,Mohiniattam,Mohiniattam380,150
test,Mohiniattam,Mohiniattam381,150
test,Odissi,Odissi516,66
test,Odissi,Odissi473,80
test,Odissi,Odissi436,82
test,Odissi,Odissi542,83
test,Odissi,Odissi408,87
test,Odissi,Odissi553,87
test,Odissi,Odissi561,100
test,Odissi,Odissi448,109
test,Odissi,Odissi597,109
test,Odissi,Odissi579,113
test,Odissi,Odissi507,140
test,Odissi,Odissi406,149
test,Odissi,Odissi415,149
test,Odissi,Odissi424,149
test,Odissi,Odissi433,149
test,Odissi,Odissi442,149
test,Odissi,Odissi451,149
test,Odissi,Odissi460,149
test,Odissi,Odissi469,149
test,Odissi,Odissi478,149
test,Odissi,Odissi487,149
test,Odissi,Odissi496,149
test,Odissi,Odissi505,149
test,Odissi,Odissi514,149
test,Odissi,Odissi523,149
test,Odissi,Odissi532,149
test,Odissi,Odissi541,149
test,Odissi,Odissi550,149
test,Odissi,Odissi559,149
test,Odissi,Odissi568,149
test,Odissi,Odissi577,149
test,Odissi,Odissi586,149
test,Odissi,Odissi595,149
test,Odissi,Odissi407,150
test,Odissi,Odissi416,150
test,Odissi,Odissi417,150
test,Odissi,Odissi425,150
test,Odissi,Odissi434,150
test,Odissi,Odissi435,150
test,Odissi,Odissi443,150
test,Odissi,Odissi444,150
test,Odissi,Odissi445,150
test,Odissi,Odissi446,150
test,Odissi,Odissi447,150
test,Odissi,Odissi452,150
test,Odissi,Odissi461,150
test,Odissi,Odissi470,150
test,Odissi,Odissi471,150
test,Odissi,Odissi472,150
test,Odissi,Odissi479,150
test,Odissi,Odissi480,150
test,Odissi,Odissi488,150
test,Odissi,Odissi489,150
test,Odissi,Odissi497,150
test,Odissi,Odissi498,150
test,Odissi,Odissi506,150
test,Odissi,Odissi515,150
test,Odissi,Odissi524,150
test,Odissi,Odissi525,150
test,Odissi,Odissi533,150
test,Odissi,Odissi534,150
test,Odissi,Odissi551,150
test,Odissi,Odissi552,150
test,Odissi,Odissi560,150
test,Odissi,Odissi569,150
test,Odissi,Odissi570,150
test,Odissi,Odissi578,150
test,Odissi,Odissi587,150
test,Odissi,Odissi596,150
